{"filters": {"": {"column": "REQUESTID", "function": "is_not_null", "namespace": "", "args": [], "kwargs": {}}, "AMTGE100K": {"column": "INQ_AMT", "function": "ge", "namespace": "", "args": [100000], "kwargs": {}}, "AMTGE50K": {"column": "INQ_AMT", "function": "ge", "namespace": "", "args": [50000], "kwargs": {}}, "AMTGT0": {"column": "INQ_AMT", "function": "gt", "namespace": "", "args": [0], "kwargs": {}}, "AMTEQ0": {"column": "INQ_AMT", "function": "eq", "namespace": "", "args": [0], "kwargs": {}}, "MORTGAGE": {"column": "INQ_PURPOSE_MAP", "function": "eq", "namespace": "", "args": ["0. MORTGAGE"], "kwargs": {}}, "AUTO": {"column": "INQ_PURPOSE_MAP", "function": "eq", "namespace": "", "args": ["1. AUTO"], "kwargs": {}}, "VIEW": {"column": "INQ_PURPOSE_MAP", "function": "eq", "namespace": "", "args": ["2. VIEW"], "kwargs": {}}, "OTHER": {"column": "INQ_PURPOSE_MAP", "function": "eq", "namespace": "", "args": ["3. OTHER"], "kwargs": {}}, "CC": {"column": "INQ_PURPOSE_MAP", "function": "eq", "namespace": "", "args": ["4. CC"], "kwargs": {}}, "POTREB": {"column": "INQ_PURPOSE_MAP", "function": "eq", "namespace": "", "args": ["5. POTREB"], "kwargs": {}}, "MICRO": {"column": "INQ_PURPOSE_MAP", "function": "eq", "namespace": "", "args": ["6. MICRO"], "kwargs": {}}, "14D": {"column": "INQ_PERIOD_MAP", "function": "eq", "namespace": "", "args": ["0. 14"], "kwargs": {}}, "30D": {"column": "INQ_PERIOD_MAP", "function": "eq", "namespace": "", "args": ["1. 30"], "kwargs": {}}, "60D": {"column": "INQ_PERIOD_MAP", "function": "eq", "namespace": "", "args": ["2. 60"], "kwargs": {}}, "90D": {"column": "INQ_PERIOD_MAP", "function": "eq", "namespace": "", "args": ["3. 90"], "kwargs": {}}, "180D": {"column": "INQ_PERIOD_MAP", "function": "eq", "namespace": "", "args": ["4. 180"], "kwargs": {}}, "365D": {"column": "INQ_PERIOD_MAP", "function": "eq", "namespace": "", "args": ["5. 365"], "kwargs": {}}, "365D_PLUS": {"column": "INQ_PERIOD_MAP", "function": "eq", "namespace": "", "args": ["6. 365+"], "kwargs": {}}, "EQF": {"column": "INQ_SOURCE", "function": "eq", "namespace": "", "args": ["eqf"], "kwargs": {}}, "notEQF": {"column": "INQ_SOURCE", "function": "ne", "namespace": "", "args": ["eqf"], "kwargs": {}}}, "aggregations": [{"column": "INQ_AMT_DCW", "function": "last_not_null", "namespace": "bki_gen", "args": [], "kwargs": {}, "function_alias": "last", "filters": [""]}, {"column": "INQ_AMT_DCW", "function": "last_not_null", "namespace": "bki_gen", "args": [], "kwargs": {}, "function_alias": "last", "filters": ["AMTGE100K"]}, {"column": "INQ_AMT_DCW", "function": "median", "namespace": "", "args": [], "kwargs": {}, "function_alias": "median", "filters": ["AMTGE50K"]}, {"column": "INQ_AMT_DCW", "function": "median", "namespace": "", "args": [], "kwargs": {}, "function_alias": "median", "filters": ["AMTGT0"]}, {"column": "INQ_AMT_DCW", "function": "quantile", "namespace": "", "args": [0.1], "kwargs": {}, "function_alias": "q10", "filters": ["CC"]}, {"column": "INQ_AMT_DCW", "function": "median", "namespace": "", "args": [], "kwargs": {}, "function_alias": "median", "filters": ["CC"]}, {"column": "INQ_AMT_DCW", "function": "sum", "namespace": "", "args": [], "kwargs": {}, "function_alias": "sum", "filters": ["MICRO"]}, {"column": "INQ_AMT_DCW", "function": "sum", "namespace": "", "args": [], "kwargs": {}, "function_alias": "sum", "filters": ["14D"]}, {"column": "INQ_AMT_DCW", "function": "sum", "namespace": "", "args": [], "kwargs": {}, "function_alias": "sum", "filters": ["90D"]}, {"column": "INQ_QUANTITY", "function": "sum", "namespace": "", "args": [], "kwargs": {}, "function_alias": "sum", "filters": ["90D"]}, {"column": "INQ_AMT_DCW", "function": "median", "namespace": "", "args": [], "kwargs": {}, "function_alias": "median", "filters": ["365D_PLUS"]}, {"column": "INQ_QUANTITY", "function": "sum", "namespace": "", "args": [], "kwargs": {}, "function_alias": "sum", "filters": ["365D_PLUS"]}, {"column": "INQ_QUANTITY", "function": "last_not_null", "namespace": "bki_gen", "args": [], "kwargs": {}, "function_alias": "last", "filters": ["EQF"]}]}