{"filters": {"": {"column": "REQUESTID", "function": "is_not_null", "namespace": "", "args": [], "kwargs": {}}, "WORK": {"column": "LOAN_STATUS_CODE", "function": "eq", "namespace": "", "args": ["WORK"], "kwargs": {}}, "CLOSE": {"column": "LOAN_STATUS_CODE", "function": "eq", "namespace": "", "args": ["CLOSE"], "kwargs": {}}, "SOLD": {"column": "LOAN_STATUS_CODE", "function": "eq", "namespace": "", "args": ["SOLD"], "kwargs": {}}, "POTREB": {"column": "LOAN_TYPE_MAP", "function": "eq", "namespace": "", "args": ["POTREB"], "kwargs": {}}, "CC": {"column": "LOAN_TYPE_MAP", "function": "eq", "namespace": "", "args": ["CC"], "kwargs": {}}, "MICRO": {"column": "LOAN_TYPE_MAP", "function": "eq", "namespace": "", "args": ["MICRO"], "kwargs": {}}, "MORTGAGE": {"column": "LOAN_TYPE_MAP", "function": "eq", "namespace": "", "args": ["MORTGAGE"], "kwargs": {}}, "AUTO": {"column": "LOAN_TYPE_MAP", "function": "eq", "namespace": "", "args": ["AUTO"], "kwargs": {}}, "OTHER": {"column": "LOAN_TYPE_MAP", "function": "eq", "namespace": "", "args": ["OTHER"], "kwargs": {}}, "COLLATERAL": {"column": "COLLATERAL_CODE", "function": "is_not_null", "namespace": "", "args": [], "kwargs": {}}, "notCOLLATERAL": {"column": "COLLATERAL_CODE", "function": "is_null", "namespace": "", "args": [], "kwargs": {}}, "CONFIRM01M": {"column": "DIFF_APPLICATION_DAY_INF_CONFIRM_DATE", "function": "le", "namespace": "", "args": [1], "kwargs": {}}, "CONFIRM06M": {"column": "DIFF_APPLICATION_DAY_INF_CONFIRM_DATE", "function": "le", "namespace": "", "args": [6], "kwargs": {}}, "CONFIRM12M": {"column": "DIFF_APPLICATION_DAY_INF_CONFIRM_DATE", "function": "le", "namespace": "", "args": [12], "kwargs": {}}, "CONFIRM24M": {"column": "DIFF_APPLICATION_DAY_INF_CONFIRM_DATE", "function": "le", "namespace": "", "args": [24], "kwargs": {}}, "CLOSEAFTER06M": {"column": "DIFF_APPLICATION_DAY_FINAL_PMT_DATE", "function": "le", "namespace": "", "args": [-6], "kwargs": {}}, "CLOSEAFTER12M": {"column": "DIFF_APPLICATION_DAY_FINAL_PMT_DATE", "function": "le", "namespace": "", "args": [-12], "kwargs": {}}, "CNT1DELQ84M": {"column": "PMT_STRING_84M_CNT_DELQ", "function": "ge", "namespace": "", "args": [1], "kwargs": {}}, "CNT3DELQ84M": {"column": "PMT_STRING_84M_CNT_DELQ", "function": "ge", "namespace": "", "args": [3], "kwargs": {}}, "CNT6DELQ84M": {"column": "PMT_STRING_84M_CNT_DELQ", "function": "ge", "namespace": "", "args": [6], "kwargs": {}}}, "aggregations": [{"column": "OUTSTANDING_DCW", "function": "quantile", "namespace": "", "args": [0.9], "kwargs": {}, "function_alias": "q90", "filters": [""]}, {"column": "EST_NEXT_PMT_DCW", "function": "quantile", "namespace": "", "args": [0.1], "kwargs": {}, "function_alias": "q10", "filters": [""]}, {"column": "CURR_BALANCE_AMT_DCW", "function": "quantile", "namespace": "", "args": [0.9], "kwargs": {}, "function_alias": "q90", "filters": [""]}, {"column": "EST_CURR_BALANCE_AMT_DCW", "function": "sum", "namespace": "", "args": [], "kwargs": {}, "function_alias": "sum", "filters": [""]}, {"column": "EST_CURR_BALANCE_AMT_DCW", "function": "quantile", "namespace": "", "args": [0.9], "kwargs": {}, "function_alias": "q90", "filters": [""]}, {"column": "MUL_EST_NEXT_PMT_DCW_PMT_STRING_84M_CNT_ON_TIME", "function": "sum", "namespace": "", "args": [], "kwargs": {}, "function_alias": "sum", "filters": [""]}, {"column": "CREDIT_LIMIT_DCW", "function": "mean", "namespace": "", "args": [], "kwargs": {}, "function_alias": "mean", "filters": ["WORK"]}, {"column": "DIFF_APPLICATION_DAY_FINAL_PMT_DATE", "function": "quantile", "namespace": "", "args": [0.9], "kwargs": {}, "function_alias": "q90", "filters": ["WORK"]}, {"column": "UTILIZATION", "function": "median", "namespace": "", "args": [], "kwargs": {}, "function_alias": "median", "filters": ["WORK"]}, {"column": "PMT_STRING_12M_CNT_ON_TIME", "function": "quantile", "namespace": "", "args": [0.1], "kwargs": {}, "function_alias": "q10", "filters": ["WORK"]}, {"column": "PMT_STRING_84M_CNT_ON_TIME", "function": "sum", "namespace": "", "args": [], "kwargs": {}, "function_alias": "sum", "filters": ["WORK"]}, {"column": "MUL_EST_NEXT_PMT_DCW_PMT_STRING_84M_CNT_ON_TIME", "function": "quantile", "namespace": "", "args": [0.9], "kwargs": {}, "function_alias": "q90", "filters": ["WORK"]}, {"column": "CREDIT_LIMIT_DCW", "function": "quantile", "namespace": "", "args": [0.9], "kwargs": {}, "function_alias": "q90", "filters": ["CLOSE"]}, {"column": "EST_NEXT_PMT_DCW", "function": "last_not_null", "namespace": "bki_gen", "args": [], "kwargs": {}, "function_alias": "last", "filters": ["CLOSE"]}, {"column": "EST_NEXT_PMT_DCW", "function": "median", "namespace": "", "args": [], "kwargs": {}, "function_alias": "median", "filters": ["CLOSE"]}, {"column": "APPLICATION_DAY_TO_FINAL_PMT_DATE", "function": "last_not_null", "namespace": "bki_gen", "args": [], "kwargs": {}, "function_alias": "last", "filters": ["CLOSE"]}, {"column": "CURR_BALANCE_AMT_TO_CREDIT_LIMIT", "function": "last_not_null", "namespace": "bki_gen", "args": [], "kwargs": {}, "function_alias": "last", "filters": ["CLOSE"]}, {"column": "CURR_BALANCE_AMT_TO_CREDIT_LIMIT", "function": "quantile", "namespace": "", "args": [0.1], "kwargs": {}, "function_alias": "q10", "filters": ["CLOSE"]}, {"column": "MAX_DELQ_BALANCE_TO_EST_NEXT_PMT", "function": "quantile", "namespace": "", "args": [0.9], "kwargs": {}, "function_alias": "q90", "filters": ["CLOSE"]}, {"column": "CREDIT_LIMIT_DCW", "function": "last_not_null", "namespace": "bki_gen", "args": [], "kwargs": {}, "function_alias": "last", "filters": ["POTREB"]}, {"column": "CREDIT_LIMIT_DCW", "function": "quantile", "namespace": "", "args": [0.1], "kwargs": {}, "function_alias": "q10", "filters": ["POTREB"]}, {"column": "OUTSTANDING_DCW", "function": "sum", "namespace": "", "args": [], "kwargs": {}, "function_alias": "sum", "filters": ["POTREB"]}, {"column": "EST_NEXT_PMT_DCW", "function": "quantile", "namespace": "", "args": [0.1], "kwargs": {}, "function_alias": "q10", "filters": ["POTREB"]}, {"column": "CURR_BALANCE_AMT_DCW", "function": "sum", "namespace": "", "args": [], "kwargs": {}, "function_alias": "sum", "filters": ["POTREB"]}, {"column": "CREDIT_COST_RATE", "function": "quantile", "namespace": "", "args": [0.1], "kwargs": {}, "function_alias": "q10", "filters": ["POTREB"]}, {"column": "DIFF_APPLICATION_DAY_FACT_CLOSE_DATE", "function": "last_not_null", "namespace": "bki_gen", "args": [], "kwargs": {}, "function_alias": "last", "filters": ["POTREB"]}, {"column": "DIFF_APPLICATION_DAY_FINAL_PMT_DATE", "function": "quantile", "namespace": "", "args": [0.1], "kwargs": {}, "function_alias": "q10", "filters": ["POTREB"]}, {"column": "APPLICATION_DAY_TO_FINAL_PMT_DATE", "function": "quantile", "namespace": "", "args": [0.1], "kwargs": {}, "function_alias": "q10", "filters": ["POTREB"]}, {"column": "EST_NEXT_PMT_TO_OUTSTANDING", "function": "mean", "namespace": "", "args": [], "kwargs": {}, "function_alias": "mean", "filters": ["POTREB"]}, {"column": "EST_NEXT_PMT_TO_OUTSTANDING", "function": "quantile", "namespace": "", "args": [0.1], "kwargs": {}, "function_alias": "q10", "filters": ["POTREB"]}, {"column": "EST_NEXT_PMT_TO_OUTSTANDING", "function": "median", "namespace": "", "args": [], "kwargs": {}, "function_alias": "median", "filters": ["POTREB"]}, {"column": "EST_NEXT_PMT_TO_OUTSTANDING", "function": "quantile", "namespace": "", "args": [0.9], "kwargs": {}, "function_alias": "q90", "filters": ["POTREB"]}, {"column": "CURR_BALANCE_AMT_TO_OUTSTANDING", "function": "sum", "namespace": "", "args": [], "kwargs": {}, "function_alias": "sum", "filters": ["POTREB"]}, {"column": "EST_NEXT_PMT_TO_CREDIT_LIMIT", "function": "sum", "namespace": "", "args": [], "kwargs": {}, "function_alias": "sum", "filters": ["POTREB"]}, {"column": "CURR_BALANCE_AMT_TO_CREDIT_LIMIT", "function": "last_not_null", "namespace": "bki_gen", "args": [], "kwargs": {}, "function_alias": "last", "filters": ["POTREB"]}, {"column": "CURR_BALANCE_AMT_TO_CREDIT_LIMIT", "function": "quantile", "namespace": "", "args": [0.9], "kwargs": {}, "function_alias": "q90", "filters": ["POTREB"]}, {"column": "CURR_BALANCE_AMT_TO_EST_NEXT_PMT", "function": "sum", "namespace": "", "args": [], "kwargs": {}, "function_alias": "sum", "filters": ["POTREB"]}, {"column": "MAX_DELQ_BALANCE_TO_EST_NEXT_PMT", "function": "quantile", "namespace": "", "args": [0.9], "kwargs": {}, "function_alias": "q90", "filters": ["POTREB"]}, {"column": "MUL_EST_NEXT_PMT_DCW_PMT_STRING_6M_CNT_ON_TIME", "function": "last_not_null", "namespace": "bki_gen", "args": [], "kwargs": {}, "function_alias": "last", "filters": ["POTREB"]}, {"column": "MUL_EST_NEXT_PMT_DCW_PMT_STRING_6M_CNT_1_29", "function": "mean", "namespace": "", "args": [], "kwargs": {}, "function_alias": "mean", "filters": ["POTREB"]}, {"column": "MUL_EST_NEXT_PMT_DCW_PMT_STRING_REV_12M_CNT_ON_TIME", "function": "sum", "namespace": "", "args": [], "kwargs": {}, "function_alias": "sum", "filters": ["POTREB"]}, {"column": "OUTSTANDING_DCW", "function": "sum", "namespace": "", "args": [], "kwargs": {}, "function_alias": "sum", "filters": ["CC"]}, {"column": "OUTSTANDING_DCW", "function": "mean", "namespace": "", "args": [], "kwargs": {}, "function_alias": "mean", "filters": ["CC"]}, {"column": "CURR_BALANCE_AMT_DCW", "function": "mean", "namespace": "", "args": [], "kwargs": {}, "function_alias": "mean", "filters": ["CC"]}, {"column": "DIFF_APPLICATION_DAY_OPEN_DATE", "function": "mean", "namespace": "", "args": [], "kwargs": {}, "function_alias": "mean", "filters": ["CC"]}, {"column": "DIFF_FACT_CLOSE_DATE_OPEN_DATE", "function": "quantile", "namespace": "", "args": [0.9], "kwargs": {}, "function_alias": "q90", "filters": ["CC"]}, {"column": "FACT_CLOSE_DATE_TO_FINAL_PMT_DATE", "function": "last_not_null", "namespace": "bki_gen", "args": [], "kwargs": {}, "function_alias": "last", "filters": ["CC"]}, {"column": "UTILIZATION", "function": "last_not_null", "namespace": "bki_gen", "args": [], "kwargs": {}, "function_alias": "last", "filters": ["CC"]}, {"column": "UTILIZATION", "function": "quantile", "namespace": "", "args": [0.9], "kwargs": {}, "function_alias": "q90", "filters": ["CC"]}, {"column": "EST_NEXT_PMT_TO_OUTSTANDING", "function": "quantile", "namespace": "", "args": [0.1], "kwargs": {}, "function_alias": "q10", "filters": ["CC"]}, {"column": "EST_CURR_BALANCE_AMT_TO_OUTSTANDING", "function": "last_not_null", "namespace": "bki_gen", "args": [], "kwargs": {}, "function_alias": "last", "filters": ["CC"]}, {"column": "CURR_BALANCE_AMT_TO_OUTSTANDING", "function": "median", "namespace": "", "args": [], "kwargs": {}, "function_alias": "median", "filters": ["CC"]}, {"column": "CURR_BALANCE_AMT_TO_CREDIT_LIMIT", "function": "mean", "namespace": "", "args": [], "kwargs": {}, "function_alias": "mean", "filters": ["CC"]}, {"column": "CURR_BALANCE_AMT_TO_CREDIT_LIMIT", "function": "quantile", "namespace": "", "args": [0.9], "kwargs": {}, "function_alias": "q90", "filters": ["CC"]}, {"column": "EST_CURR_BALANCE_AMT_TO_EST_NEXT_PMT", "function": "mean", "namespace": "", "args": [], "kwargs": {}, "function_alias": "mean", "filters": ["CC"]}, {"column": "PMT_STRING_12M_CNT_ON_TIME", "function": "sum", "namespace": "", "args": [], "kwargs": {}, "function_alias": "sum", "filters": ["CC"]}, {"column": "CREDIT_LIMIT_DCW", "function": "quantile", "namespace": "", "args": [0.9], "kwargs": {}, "function_alias": "q90", "filters": ["MICRO"]}, {"column": "EST_NEXT_PMT_DCW", "function": "quantile", "namespace": "", "args": [0.9], "kwargs": {}, "function_alias": "q90", "filters": ["MICRO"]}, {"column": "CURR_BALANCE_AMT_DCW", "function": "quantile", "namespace": "", "args": [0.9], "kwargs": {}, "function_alias": "q90", "filters": ["MICRO"]}, {"column": "CREDIT_COST_RATE", "function": "last_not_null", "namespace": "bki_gen", "args": [], "kwargs": {}, "function_alias": "last", "filters": ["MICRO"]}, {"column": "DIFF_APPLICATION_DAY_FACT_CLOSE_DATE", "function": "median", "namespace": "", "args": [], "kwargs": {}, "function_alias": "median", "filters": ["MICRO"]}, {"column": "EST_CURR_BALANCE_AMT_TO_CREDIT_LIMIT", "function": "last_not_null", "namespace": "bki_gen", "args": [], "kwargs": {}, "function_alias": "last", "filters": ["MICRO"]}, {"column": "CREDIT_LIMIT_DCW", "function": "quantile", "namespace": "", "args": [0.9], "kwargs": {}, "function_alias": "q90", "filters": ["MORTGAGE"]}, {"column": "EST_NEXT_PMT_DCW", "function": "sum", "namespace": "", "args": [], "kwargs": {}, "function_alias": "sum", "filters": ["MORTGAGE"]}, {"column": "EST_NEXT_PMT_TO_OUTSTANDING", "function": "last_not_null", "namespace": "bki_gen", "args": [], "kwargs": {}, "function_alias": "last", "filters": ["MORTGAGE"]}, {"column": "CURR_BALANCE_AMT_TO_EST_NEXT_PMT", "function": "last_not_null", "namespace": "bki_gen", "args": [], "kwargs": {}, "function_alias": "last", "filters": ["MORTGAGE"]}, {"column": "MUL_EST_NEXT_PMT_DCW_PMT_STRING_REV_12M_CNT_ON_TIME", "function": "last_not_null", "namespace": "bki_gen", "args": [], "kwargs": {}, "function_alias": "last", "filters": ["MORTGAGE"]}, {"column": "OUTSTANDING_DCW", "function": "quantile", "namespace": "", "args": [0.9], "kwargs": {}, "function_alias": "q90", "filters": ["COLLATERAL"]}, {"column": "EST_CURR_BALANCE_AMT_DCW", "function": "median", "namespace": "", "args": [], "kwargs": {}, "function_alias": "median", "filters": ["COLLATERAL"]}, {"column": "CREDIT_COST_RATE", "function": "mean", "namespace": "", "args": [], "kwargs": {}, "function_alias": "mean", "filters": ["COLLATERAL"]}, {"column": "DIFF_APPLICATION_DAY_OPEN_DATE", "function": "quantile", "namespace": "", "args": [0.9], "kwargs": {}, "function_alias": "q90", "filters": ["COLLATERAL"]}, {"column": "EST_NEXT_PMT_TO_OUTSTANDING", "function": "last_not_null", "namespace": "bki_gen", "args": [], "kwargs": {}, "function_alias": "last", "filters": ["COLLATERAL"]}, {"column": "EST_CURR_BALANCE_AMT_TO_OUTSTANDING", "function": "mean", "namespace": "", "args": [], "kwargs": {}, "function_alias": "mean", "filters": ["COLLATERAL"]}, {"column": "MAX_DELQ_BALANCE_TO_OUTSTANDING", "function": "last_not_null", "namespace": "bki_gen", "args": [], "kwargs": {}, "function_alias": "last", "filters": ["COLLATERAL"]}, {"column": "MAX_DELQ_BALANCE_TO_OUTSTANDING", "function": "mean", "namespace": "", "args": [], "kwargs": {}, "function_alias": "mean", "filters": ["COLLATERAL"]}, {"column": "MAX_DELQ_BALANCE_TO_OUTSTANDING", "function": "quantile", "namespace": "", "args": [0.1], "kwargs": {}, "function_alias": "q10", "filters": ["COLLATERAL"]}, {"column": "OUTSTANDING_DCW", "function": "sum", "namespace": "", "args": [], "kwargs": {}, "function_alias": "sum", "filters": ["notCOLLATERAL"]}, {"column": "OUTSTANDING_DCW", "function": "mean", "namespace": "", "args": [], "kwargs": {}, "function_alias": "mean", "filters": ["notCOLLATERAL"]}, {"column": "OUTSTANDING_DCW", "function": "quantile", "namespace": "", "args": [0.9], "kwargs": {}, "function_alias": "q90", "filters": ["notCOLLATERAL"]}, {"column": "EST_NEXT_PMT_DCW", "function": "median", "namespace": "", "args": [], "kwargs": {}, "function_alias": "median", "filters": ["notCOLLATERAL"]}, {"column": "CREDIT_COST_RATE", "function": "mean", "namespace": "", "args": [], "kwargs": {}, "function_alias": "mean", "filters": ["notCOLLATERAL"]}, {"column": "DIFF_APPLICATION_DAY_FINAL_PMT_DATE", "function": "quantile", "namespace": "", "args": [0.1], "kwargs": {}, "function_alias": "q10", "filters": ["notCOLLATERAL"]}, {"column": "DIFF_FACT_CLOSE_DATE_OPEN_DATE", "function": "quantile", "namespace": "", "args": [0.9], "kwargs": {}, "function_alias": "q90", "filters": ["notCOLLATERAL"]}, {"column": "UTILIZATION", "function": "quantile", "namespace": "", "args": [0.9], "kwargs": {}, "function_alias": "q90", "filters": ["notCOLLATERAL"]}, {"column": "CURR_BALANCE_AMT_TO_OUTSTANDING", "function": "median", "namespace": "", "args": [], "kwargs": {}, "function_alias": "median", "filters": ["notCOLLATERAL"]}, {"column": "PMT_STRING_REV_6M_CNT_ON_TIME", "function": "mean", "namespace": "", "args": [], "kwargs": {}, "function_alias": "mean", "filters": ["notCOLLATERAL"]}, {"column": "OUTSTANDING_DCW", "function": "last_not_null", "namespace": "bki_gen", "args": [], "kwargs": {}, "function_alias": "last", "filters": ["CONFIRM01M"]}, {"column": "OUTSTANDING_DCW", "function": "median", "namespace": "", "args": [], "kwargs": {}, "function_alias": "median", "filters": ["CONFIRM01M"]}, {"column": "EST_NEXT_PMT_DCW", "function": "median", "namespace": "", "args": [], "kwargs": {}, "function_alias": "median", "filters": ["CONFIRM01M"]}, {"column": "CREDIT_COST_RATE", "function": "median", "namespace": "", "args": [], "kwargs": {}, "function_alias": "median", "filters": ["CONFIRM01M"]}, {"column": "DIFF_APPLICATION_DAY_FACT_CLOSE_DATE", "function": "median", "namespace": "", "args": [], "kwargs": {}, "function_alias": "median", "filters": ["CONFIRM01M"]}, {"column": "UTILIZATION", "function": "median", "namespace": "", "args": [], "kwargs": {}, "function_alias": "median", "filters": ["CONFIRM01M"]}, {"column": "MAX_DELQ_BALANCE_TO_EST_NEXT_PMT", "function": "mean", "namespace": "", "args": [], "kwargs": {}, "function_alias": "mean", "filters": ["CONFIRM01M"]}, {"column": "PMT_STRING_84M_CNT_ON_TIME", "function": "median", "namespace": "", "args": [], "kwargs": {}, "function_alias": "median", "filters": ["CONFIRM01M"]}, {"column": "MUL_EST_NEXT_PMT_DCW_PMT_STRING_84M_CNT_ON_TIME", "function": "mean", "namespace": "", "args": [], "kwargs": {}, "function_alias": "mean", "filters": ["CONFIRM01M"]}, {"column": "CREDIT_LIMIT_DCW", "function": "sum", "namespace": "", "args": [], "kwargs": {}, "function_alias": "sum", "filters": ["CONFIRM06M"]}, {"column": "CURR_BALANCE_AMT_DCW", "function": "sum", "namespace": "", "args": [], "kwargs": {}, "function_alias": "sum", "filters": ["CONFIRM06M"]}, {"column": "DIFF_APPLICATION_DAY_FINAL_PMT_DATE", "function": "sum", "namespace": "", "args": [], "kwargs": {}, "function_alias": "sum", "filters": ["CONFIRM06M"]}, {"column": "EST_NEXT_PMT_TO_OUTSTANDING", "function": "quantile", "namespace": "", "args": [0.9], "kwargs": {}, "function_alias": "q90", "filters": ["CONFIRM06M"]}, {"column": "EST_CURR_BALANCE_AMT_TO_EST_NEXT_PMT", "function": "mean", "namespace": "", "args": [], "kwargs": {}, "function_alias": "mean", "filters": ["CONFIRM06M"]}, {"column": "CREDIT_LIMIT_DCW", "function": "sum", "namespace": "", "args": [], "kwargs": {}, "function_alias": "sum", "filters": ["CONFIRM12M"]}, {"column": "CURR_BALANCE_AMT_DCW", "function": "quantile", "namespace": "", "args": [0.9], "kwargs": {}, "function_alias": "q90", "filters": ["CONFIRM12M"]}, {"column": "APPLICATION_DAY_TO_FINAL_PMT_DATE", "function": "quantile", "namespace": "", "args": [0.1], "kwargs": {}, "function_alias": "q10", "filters": ["CONFIRM12M"]}, {"column": "UTILIZATION", "function": "sum", "namespace": "", "args": [], "kwargs": {}, "function_alias": "sum", "filters": ["CONFIRM12M"]}, {"column": "UTILIZATION", "function": "median", "namespace": "", "args": [], "kwargs": {}, "function_alias": "median", "filters": ["CONFIRM12M"]}, {"column": "UTILIZATION", "function": "quantile", "namespace": "", "args": [0.9], "kwargs": {}, "function_alias": "q90", "filters": ["CONFIRM12M"]}, {"column": "CREDIT_LIMIT_DCW", "function": "sum", "namespace": "", "args": [], "kwargs": {}, "function_alias": "sum", "filters": ["CONFIRM24M"]}, {"column": "DIFF_APPLICATION_DAY_FINAL_PMT_DATE", "function": "sum", "namespace": "", "args": [], "kwargs": {}, "function_alias": "sum", "filters": ["CONFIRM24M"]}, {"column": "APPLICATION_DAY_TO_FINAL_PMT_DATE", "function": "median", "namespace": "", "args": [], "kwargs": {}, "function_alias": "median", "filters": ["CONFIRM24M"]}, {"column": "CURR_BALANCE_AMT_TO_EST_NEXT_PMT", "function": "sum", "namespace": "", "args": [], "kwargs": {}, "function_alias": "sum", "filters": ["CONFIRM24M"]}, {"column": "PMT_STRING_12M_CNT_ON_TIME", "function": "mean", "namespace": "", "args": [], "kwargs": {}, "function_alias": "mean", "filters": ["CONFIRM24M"]}, {"column": "PMT_STRING_84M_CNT_30_PLUS", "function": "mean", "namespace": "", "args": [], "kwargs": {}, "function_alias": "mean", "filters": ["CONFIRM24M"]}, {"column": "PMT_STRING_REV_3M_CNT_ON_TIME", "function": "mean", "namespace": "", "args": [], "kwargs": {}, "function_alias": "mean", "filters": ["CONFIRM24M"]}, {"column": "DIFF_FACT_CLOSE_DATE_OPEN_DATE", "function": "quantile", "namespace": "", "args": [0.9], "kwargs": {}, "function_alias": "q90", "filters": ["CLOSEAFTER06M"]}, {"column": "FACT_CLOSE_DATE_TO_FINAL_PMT_DATE", "function": "quantile", "namespace": "", "args": [0.9], "kwargs": {}, "function_alias": "q90", "filters": ["CLOSEAFTER06M"]}, {"column": "OUTSTANDING_DCW", "function": "last_not_null", "namespace": "bki_gen", "args": [], "kwargs": {}, "function_alias": "last", "filters": ["CLOSEAFTER12M"]}, {"column": "DIFF_APPLICATION_DAY_FACT_CLOSE_DATE", "function": "last_not_null", "namespace": "bki_gen", "args": [], "kwargs": {}, "function_alias": "last", "filters": ["CLOSEAFTER12M"]}, {"column": "CURR_BALANCE_AMT_TO_OUTSTANDING", "function": "last_not_null", "namespace": "bki_gen", "args": [], "kwargs": {}, "function_alias": "last", "filters": ["CLOSEAFTER12M"]}, {"column": "PMT_STRING_12M_CNT_ON_TIME", "function": "median", "namespace": "", "args": [], "kwargs": {}, "function_alias": "median", "filters": ["CLOSEAFTER12M"]}, {"column": "MUL_EST_NEXT_PMT_DCW_PMT_STRING_12M_CNT_1_29", "function": "quantile", "namespace": "", "args": [0.9], "kwargs": {}, "function_alias": "q90", "filters": ["CLOSEAFTER12M"]}, {"column": "TTL_DELQ_5_29", "function": "mean", "namespace": "", "args": [], "kwargs": {}, "function_alias": "mean", "filters": ["CNT1DELQ84M"]}, {"column": "DIFF_APPLICATION_DAY_OPEN_DATE", "function": "mean", "namespace": "", "args": [], "kwargs": {}, "function_alias": "mean", "filters": ["CNT1DELQ84M"]}, {"column": "DIFF_APPLICATION_DAY_OPEN_DATE", "function": "median", "namespace": "", "args": [], "kwargs": {}, "function_alias": "median", "filters": ["CNT1DELQ84M"]}, {"column": "EST_CURR_BALANCE_AMT_TO_OUTSTANDING", "function": "last_not_null", "namespace": "bki_gen", "args": [], "kwargs": {}, "function_alias": "last", "filters": ["CNT1DELQ84M"]}, {"column": "EST_CURR_BALANCE_AMT_TO_CREDIT_LIMIT", "function": "quantile", "namespace": "", "args": [0.1], "kwargs": {}, "function_alias": "q10", "filters": ["CNT1DELQ84M"]}, {"column": "PMT_STRING_12M_CNT_ON_TIME", "function": "mean", "namespace": "", "args": [], "kwargs": {}, "function_alias": "mean", "filters": ["CNT1DELQ84M"]}, {"column": "PMT_STRING_12M_CNT_1_29", "function": "mean", "namespace": "", "args": [], "kwargs": {}, "function_alias": "mean", "filters": ["CNT1DELQ84M"]}, {"column": "MUL_EST_NEXT_PMT_DCW_PMT_STRING_6M_CNT_1_29", "function": "last_not_null", "namespace": "bki_gen", "args": [], "kwargs": {}, "function_alias": "last", "filters": ["CNT1DELQ84M"]}, {"column": "MUL_EST_NEXT_PMT_DCW_PMT_STRING_6M_CNT_1_29", "function": "quantile", "namespace": "", "args": [0.9], "kwargs": {}, "function_alias": "q90", "filters": ["CNT1DELQ84M"]}, {"column": "MUL_EST_NEXT_PMT_DCW_PMT_STRING_84M_CNT_1_29", "function": "quantile", "namespace": "", "args": [0.9], "kwargs": {}, "function_alias": "q90", "filters": ["CNT1DELQ84M"]}, {"column": "MUL_EST_NEXT_PMT_DCW_PMT_STRING_REV_12M_CNT_ON_TIME", "function": "quantile", "namespace": "", "args": [0.1], "kwargs": {}, "function_alias": "q10", "filters": ["CNT1DELQ84M"]}, {"column": "TTL_DELQ_5_29", "function": "mean", "namespace": "", "args": [], "kwargs": {}, "function_alias": "mean", "filters": ["CNT3DELQ84M"]}, {"column": "CURR_BALANCE_AMT_TO_CREDIT_LIMIT", "function": "quantile", "namespace": "", "args": [0.1], "kwargs": {}, "function_alias": "q10", "filters": ["CNT6DELQ84M"]}, {"column": "MAX_DELQ_BALANCE_TO_EST_NEXT_PMT", "function": "quantile", "namespace": "", "args": [0.9], "kwargs": {}, "function_alias": "q90", "filters": ["CNT6DELQ84M"]}, {"column": "MUL_EST_NEXT_PMT_DCW_PMT_STRING_84M_CNT_1_29", "function": "quantile", "namespace": "", "args": [0.9], "kwargs": {}, "function_alias": "q90", "filters": ["CNT6DELQ84M"]}]}