{"filters": {"": {"column": "REQUESTID", "function": "is_not_null", "namespace": "", "args": [], "kwargs": {}}}, "aggregations": [{"column": "INQUIRY_1_WEEK", "function": "max", "namespace": "", "args": [], "kwargs": {}, "function_alias": "", "filters": [""]}, {"column": "INQUIRY_1_MONTH", "function": "max", "namespace": "", "args": [], "kwargs": {}, "function_alias": "", "filters": [""]}, {"column": "INQUIRY_RECENT_PERIOD", "function": "max", "namespace": "", "args": [], "kwargs": {}, "function_alias": "", "filters": [""]}]}